{
  "packages":
  [
    {
      "name": "CoLamp", 
      "maintainer": "Netcom CS",
      "websiteURL": "https://netcom-cs.de/",
      "email" : "raphael.rosario@netcom-cs.de",
      "platforms":
      [
        {
          "name": "Netcom CS Boards",
          "architecture": "samd",
          "version": "0.1.1",
          "category": "Contributed",
          "url": "",
          "archiveFileName": "",
          "checksum": "f80526f142f327fa73ba2a35fcd5f90a",
          "size": "13523",
          "boards": [
            {
              "name": "netcomcs_colamp_oms"
            }
          ],
          "toolsDependencies":
          [
            {
              "packager": "arduino",
              "name": "arm-none-eabi-gcc",
              "version": "7-2017q4"
            },
            {
              "packager": "arduino",
              "name": "bossac",
              "version": "1.8.0-48-gb176eee"
            },
            {
              "packager": "arduino",
              "name": "openocd",
              "version": "0.10.0-arduino9"
            },
            {
              "packager": "arduino",
              "name": "CMSIS",
              "version": "4.5.0"
            },
            {
              "packager": "arduino",
              "name": "CMSIS-Atmel",
              "version": "1.2.0"
            }
          ]
        }
      ],
      "tools":
      [
      ]
    }
  ]
}
